date,train,station,stnSerialNumber,arr_delay,dep_delay,previous_arr_delay,previous_dep_delay,section_distance,scheduled_section_minutes,actual_section_minutes,section_delay,scheduled_dwell_minutes,actual_dwell_minutes,extra_dwell_minutes,scheduled_avg_speed_kmph,hour,day_of_week,month,historical_avg_arr_delay,section_train_count,route_progress,remaining_distance,future_arr_delay,delay_propagation
2024-09-01,13031,HWH,1.0,4.0,4.0,,,,,,,0.0,0.0,0.0,,11,6,9,,,0.0,722.0,3.0,-1.0
2024-09-01,13031,SRP,2.0,3.0,3.0,4.0,4.0,20.0,30.0,29.0,-1.0,2.0,2.0,0.0,40.0,11,6,9,,7.0,0.0277008310249307,702.0,2.0,-1.0
2024-09-01,13031,SHE,3.0,2.0,2.0,3.0,3.0,2.0,4.0,3.0,-1.0,2.0,2.0,0.0,30.0,11,6,9,,4.0,0.0304709141274238,700.0,0.0,-2.0
2024-09-01,13031,CGR,4.0,0.0,0.0,2.0,2.0,10.0,10.0,9.0,-1.0,2.0,2.0,0.0,60.0,11,6,9,,4.0,0.0443213296398892,690.0,2.0,2.0
2024-09-01,13031,CNS,5.0,2.0,2.0,0.0,0.0,3.0,3.0,4.0,1.0,1.0,1.0,0.0,60.0,11,6,9,,5.0,0.0484764542936288,687.0,3.0,1.0
2024-09-01,13031,BDC,6.0,3.0,3.0,2.0,2.0,4.0,7.0,8.0,1.0,4.0,4.0,0.0,34.285714285714285,12,6,9,,6.0,0.0540166204986149,683.0,0.0,-3.0
2024-09-01,13031,MUG,7.0,0.0,0.0,3.0,3.0,7.0,8.0,6.0,-2.0,1.0,1.0,0.0,52.5,12,6,9,,1.0,0.0637119113573407,676.0,0.0,0.0
2024-09-01,13031,PDA,8.0,0.0,0.0,0.0,0.0,14.0,11.0,10.0,-1.0,1.0,1.0,0.0,76.36363636363636,12,6,9,,1.0,0.0831024930747922,662.0,0.0,0.0
2024-09-01,13031,BOI,9.0,0.0,0.0,0.0,0.0,10.0,8.0,8.0,0.0,1.0,1.0,0.0,75.0,12,6,9,,1.0,0.0969529085872576,652.0,0.0,0.0
2024-09-01,13031,MYM,10.0,0.0,0.0,0.0,0.0,11.0,11.0,11.0,0.0,1.0,1.0,0.0,60.0,12,6,9,,1.0,0.1121883656509695,641.0,5.0,5.0
2024-09-01,13031,BWN,11.0,5.0,5.0,0.0,0.0,26.0,27.0,32.0,5.0,3.0,3.0,0.0,57.77777777777777,13,6,9,,1.0,0.1481994459833795,615.0,25.0,20.0
2024-09-01,13031,TIT,12.0,25.0,25.0,5.0,5.0,7.0,10.0,30.0,20.0,1.0,1.0,0.0,42.0,13,6,9,,3.0,0.1578947368421052,608.0,25.0,0.0
2024-09-01,13031,KAN,13.0,25.0,25.0,25.0,25.0,6.0,7.0,7.0,0.0,1.0,1.0,0.0,51.42857142857142,13,6,9,,3.0,0.1662049861495844,602.0,24.0,-1.0
2024-09-01,13031,JTL,14.0,24.0,24.0,25.0,25.0,4.0,7.0,6.0,-1.0,1.0,1.0,0.0,34.285714285714285,13,6,9,,3.0,0.1717451523545706,598.0,25.0,1.0
2024-09-01,13031,BPS,15.0,25.0,25.0,24.0,24.0,5.0,6.0,7.0,1.0,1.0,1.0,0.0,50.0,13,6,9,,3.0,0.1786703601108033,593.0,24.0,-1.0
2024-09-01,13031,NRX,16.0,24.0,24.0,25.0,25.0,5.0,6.0,5.0,-1.0,1.0,1.0,0.0,50.0,14,6,9,,3.0,0.185595567867036,588.0,23.0,-1.0
2024-09-01,13031,GKH,17.0,23.0,23.0,24.0,24.0,5.0,6.0,5.0,-1.0,1.0,1.0,0.0,50.0,14,6,9,,3.0,0.1925207756232687,583.0,22.0,-1.0
2024-09-01,13031,PCQ,18.0,22.0,22.0,23.0,23.0,6.0,7.0,6.0,-1.0,1.0,1.0,0.0,51.42857142857142,14,6,9,,3.0,0.2008310249307479,577.0,18.0,-4.0
2024-09-01,13031,BDH,19.0,18.0,18.0,22.0,22.0,5.0,8.0,4.0,-4.0,1.0,1.0,0.0,37.5,14,6,9,,3.0,0.2077562326869806,572.0,21.0,3.0
2024-09-01,13031,BHP,20.0,21.0,21.0,18.0,18.0,8.0,6.0,9.0,3.0,2.0,2.0,0.0,80.0,14,6,9,,5.0,0.2188365650969529,564.0,19.0,-2.0
2024-09-01,13031,PNE,21.0,19.0,19.0,21.0,21.0,4.0,7.0,5.0,-2.0,1.0,1.0,0.0,34.285714285714285,14,6,9,,15.0,0.224376731301939,560.0,21.0,2.0
2024-09-01,13031,KPLE,22.0,21.0,21.0,19.0,19.0,6.0,7.0,9.0,2.0,1.0,1.0,0.0,51.42857142857142,14,6,9,,3.0,0.2326869806094182,554.0,27.0,6.0
2024-09-01,13031,AMP,23.0,27.0,27.0,21.0,21.0,9.0,7.0,13.0,6.0,1.0,1.0,0.0,77.14285714285715,14,6,9,,3.0,0.2451523545706371,545.0,27.0,0.0
2024-09-01,13031,BSLE,24.0,27.0,27.0,27.0,27.0,6.0,6.0,6.0,0.0,1.0,1.0,0.0,60.0,15,6,9,,3.0,0.2534626038781163,539.0,55.0,28.0
2024-09-01,13031,SNT,25.0,55.0,55.0,27.0,27.0,8.0,8.0,36.0,28.0,1.0,1.0,0.0,60.0,15,6,9,,3.0,0.2645429362880886,531.0,56.0,1.0
2024-09-01,13031,GHLE,26.0,56.0,56.0,55.0,55.0,7.0,8.0,9.0,1.0,1.0,1.0,0.0,52.5,15,6,9,,5.0,0.2742382271468144,524.0,55.0,-1.0
2024-09-01,13031,MLV,27.0,55.0,55.0,56.0,56.0,8.0,8.0,7.0,-1.0,1.0,1.0,0.0,60.0,15,6,9,,5.0,0.2853185595567867,516.0,73.0,18.0
2024-09-01,13031,TPF,28.0,73.0,73.0,55.0,55.0,6.0,7.0,25.0,18.0,1.0,1.0,0.0,51.42857142857142,15,6,9,,3.0,0.2936288088642659,510.0,40.0,-33.0
2024-09-01,13031,RPH,29.0,40.0,40.0,73.0,73.0,6.0,43.0,10.0,-33.0,5.0,5.0,0.0,8.372093023255815,16,6,9,,5.0,0.3019390581717451,504.0,46.0,6.0
2024-09-01,13031,SDLE,30.0,46.0,46.0,40.0,40.0,7.0,8.0,14.0,6.0,1.0,1.0,0.0,52.5,16,6,9,,1.0,0.3116343490304709,497.0,47.0,1.0
2024-09-01,13031,NHT,31.0,47.0,47.0,46.0,46.0,8.0,7.0,8.0,1.0,1.0,1.0,0.0,68.57142857142857,16,6,9,,1.0,0.3227146814404432,489.0,48.0,1.0
2024-09-01,13031,CTR,32.0,48.0,48.0,47.0,47.0,9.0,7.0,8.0,1.0,1.0,1.0,0.0,77.14285714285715,16,6,9,,1.0,0.335180055401662,480.0,50.0,2.0
2024-09-01,13031,MRR,33.0,50.0,50.0,48.0,48.0,8.0,8.0,10.0,2.0,2.0,2.0,0.0,60.0,17,6,9,,1.0,0.3462603878116344,472.0,48.0,-2.0
2024-09-01,13031,BSBR,34.0,48.0,48.0,50.0,50.0,5.0,7.0,5.0,-2.0,1.0,1.0,0.0,42.85714285714286,17,6,9,,1.0,0.353185595567867,467.0,46.0,-2.0
2024-09-01,13031,RJG,35.0,46.0,46.0,48.0,48.0,7.0,8.0,6.0,-2.0,1.0,1.0,0.0,52.5,17,6,9,,1.0,0.3628808864265928,460.0,30.0,-16.0
2024-09-01,13031,NGF,36.0,30.0,30.0,46.0,46.0,6.0,22.0,6.0,-16.0,1.0,1.0,0.0,16.363636363636363,17,6,9,,1.0,0.371191135734072,454.0,29.0,-1.0
2024-09-01,13031,PKR,37.0,29.0,29.0,30.0,30.0,5.0,8.0,7.0,-1.0,4.0,4.0,0.0,37.5,17,6,9,,1.0,0.3781163434903047,449.0,29.0,0.0
2024-09-01,13031,TBB,38.0,29.0,29.0,29.0,29.0,4.0,5.0,5.0,0.0,1.0,1.0,0.0,48.0,18,6,9,,1.0,0.3836565096952908,445.0,12.0,-17.0
2024-09-01,13031,KLP,39.0,12.0,12.0,29.0,29.0,8.0,23.0,6.0,-17.0,1.0,1.0,0.0,20.869565217391305,18,6,9,,1.0,0.3947368421052631,437.0,8.0,-4.0
2024-09-01,13031,GMAN,40.0,8.0,8.0,12.0,12.0,7.0,12.0,8.0,-4.0,1.0,1.0,0.0,35.0,18,6,9,,1.0,0.4044321329639889,430.0,9.0,1.0
2024-09-01,13031,BHW,41.0,9.0,9.0,8.0,8.0,9.0,11.0,12.0,1.0,5.0,5.0,0.0,49.09090909090909,18,6,9,,3.0,0.4168975069252078,421.0,10.0,1.0
2024-09-01,13031,BKLE,42.0,10.0,10.0,9.0,9.0,8.0,8.0,9.0,1.0,1.0,1.0,0.0,60.0,19,6,9,,1.0,0.4279778393351801,413.0,0.0,-10.0
2024-09-01,13031,DDX,43.0,0.0,0.0,10.0,10.0,3.0,4.0,1434.0,1430.0,1.0,1.0,0.0,45.0,19,6,9,,1.0,0.4321329639889196,410.0,0.0,0.0
2024-09-01,13031,TPH,44.0,0.0,0.0,0.0,0.0,6.0,6.0,6.0,0.0,2.0,2.0,0.0,60.0,19,6,9,,1.0,0.4404432132963989,404.0,0.0,0.0
2024-09-01,13031,KXE,45.0,0.0,0.0,0.0,0.0,5.0,5.0,5.0,0.0,1.0,1.0,0.0,60.0,19,6,9,,1.0,0.4473684210526316,399.0,0.0,0.0
2024-09-01,13031,TLJ,46.0,0.0,0.0,0.0,0.0,5.0,7.0,7.0,0.0,1.0,1.0,0.0,42.85714285714286,19,6,9,,1.0,0.4542936288088642,394.0,0.0,0.0
2024-09-01,13031,KPTO,47.0,0.0,0.0,0.0,0.0,6.0,6.0,6.0,0.0,1.0,1.0,0.0,60.0,19,6,9,,1.0,0.4626038781163435,388.0,0.0,0.0
2024-09-01,13031,MJP,48.0,0.0,0.0,0.0,0.0,8.0,7.0,7.0,0.0,1.0,1.0,0.0,68.57142857142857,19,6,9,,1.0,0.4736842105263157,380.0,0.0,0.0
2024-09-01,13031,SLJ,49.0,0.0,0.0,0.0,0.0,6.0,8.0,8.0,0.0,1.0,1.0,0.0,45.0,19,6,9,,1.0,0.481994459833795,374.0,0.0,0.0
2024-09-01,13031,SBG,50.0,0.0,0.0,0.0,0.0,8.0,25.0,25.0,0.0,5.0,5.0,0.0,19.2,20,6,9,,2.0,0.4930747922437673,366.0,0.0,0.0
2024-09-01,13031,KRMA,51.0,0.0,0.0,0.0,0.0,9.0,8.0,8.0,0.0,1.0,1.0,0.0,67.5,20,6,9,,1.0,0.5055401662049861,357.0,0.0,0.0
2024-09-01,13031,MZC,52.0,0.0,0.0,0.0,0.0,6.0,8.0,8.0,0.0,1.0,1.0,0.0,45.0,20,6,9,,1.0,0.5138504155124654,351.0,0.0,0.0
2024-09-01,13031,AMPL,53.0,0.0,0.0,0.0,0.0,4.0,5.0,5.0,0.0,1.0,1.0,0.0,48.0,20,6,9,,1.0,0.5193905817174516,347.0,0.0,0.0
2024-09-01,13031,PPT,54.0,0.0,0.0,0.0,0.0,4.0,6.0,6.0,0.0,1.0,1.0,0.0,40.0,20,6,9,,1.0,0.5249307479224377,343.0,0.0,0.0
2024-09-01,13031,SVRP,55.0,0.0,0.0,0.0,0.0,9.0,10.0,10.0,0.0,1.0,1.0,0.0,54.0,21,6,9,,5.0,0.5373961218836565,334.0,0.0,0.0
2024-09-01,13031,BKSL,56.0,0.0,0.0,0.0,0.0,6.0,7.0,7.0,0.0,1.0,1.0,0.0,51.42857142857142,21,6,9,,1.0,0.5457063711911357,328.0,0.0,0.0
2024-09-01,13031,CLG,57.0,0.0,0.0,0.0,0.0,6.0,7.0,7.0,0.0,2.0,2.0,0.0,51.42857142857142,21,6,9,,1.0,0.554016620498615,322.0,0.0,0.0
2024-09-01,13031,EKC,58.0,0.0,0.0,0.0,0.0,5.0,7.0,7.0,0.0,1.0,1.0,0.0,42.85714285714286,21,6,9,,7.0,0.5609418282548476,317.0,0.0,0.0
2024-09-01,13031,GGA,59.0,0.0,0.0,0.0,0.0,5.0,6.0,6.0,0.0,1.0,1.0,0.0,50.0,21,6,9,,7.0,0.5678670360110804,312.0,0.0,0.0
2024-09-01,13031,LMM,60.0,0.0,0.0,0.0,0.0,6.0,7.0,7.0,0.0,1.0,1.0,0.0,51.42857142857142,21,6,9,,1.0,0.5761772853185596,306.0,0.0,0.0
2024-09-01,13031,SBO,61.0,0.0,0.0,0.0,0.0,7.0,8.0,8.0,0.0,1.0,1.0,0.0,52.5,21,6,9,,1.0,0.5858725761772853,299.0,0.0,0.0
2024-09-01,13031,BGP,62.0,0.0,0.0,0.0,0.0,8.0,54.0,54.0,0.0,10.0,10.0,0.0,8.88888888888889,22,6,9,,9.0,0.5969529085872576,291.0,0.0,0.0
2024-09-01,13031,NAT,63.0,0.0,0.0,0.0,0.0,4.0,6.0,6.0,0.0,1.0,1.0,0.0,40.0,23,6,9,,5.0,0.6024930747922438,287.0,0.0,0.0
2024-09-01,13031,MPY,64.0,0.0,0.0,0.0,0.0,4.0,8.0,8.0,0.0,1.0,1.0,0.0,30.0,23,6,9,,1.0,0.6080332409972299,283.0,0.0,0.0
2024-09-01,13031,CTMP,65.0,0.0,0.0,0.0,0.0,2.0,3.0,3.0,0.0,1.0,1.0,0.0,40.0,23,6,9,,1.0,0.610803324099723,281.0,0.0,0.0
2024-09-01,13031,AKN,66.0,0.0,0.0,0.0,0.0,4.0,5.0,5.0,0.0,1.0,1.0,0.0,48.0,23,6,9,,1.0,0.6163434903047091,277.0,0.0,0.0
2024-09-01,13031,MVV,67.0,0.0,0.0,0.0,0.0,4.0,5.0,5.0,0.0,1.0,1.0,0.0,48.0,23,6,9,,1.0,0.6218836565096952,273.0,0.0,0.0
2024-09-01,13031,SGG,68.0,0.0,0.0,0.0,0.0,6.0,6.0,6.0,0.0,4.0,4.0,0.0,60.0,23,6,9,,1.0,0.6301939058171745,267.0,0.0,0.0
2024-09-01,13031,GNNA,69.0,0.0,0.0,0.0,0.0,7.0,7.0,7.0,0.0,1.0,1.0,0.0,60.0,23,6,9,,1.0,0.6398891966759003,260.0,0.0,0.0
2024-09-01,13031,KPRD,70.0,0.0,0.0,0.0,0.0,6.0,12.0,12.0,0.0,1.0,1.0,0.0,30.0,0,6,9,,1.0,0.6481994459833795,254.0,0.0,0.0
2024-09-01,13031,BUP,71.0,0.0,0.0,0.0,0.0,5.0,8.0,8.0,0.0,1.0,1.0,0.0,37.5,0,6,9,,5.0,0.6551246537396122,249.0,0.0,0.0
2024-09-01,13031,RPUR,72.0,0.0,0.0,0.0,0.0,4.0,6.0,6.0,0.0,1.0,1.0,0.0,40.0,0,6,9,,5.0,0.6606648199445984,245.0,0.0,0.0
2024-09-01,13031,JMP,73.0,0.0,0.0,0.0,0.0,7.0,10.0,10.0,0.0,5.0,5.0,0.0,42.0,0,6,9,,3.0,0.6703601108033241,238.0,0.0,0.0
2024-09-01,13031,DRTP,74.0,0.0,0.0,0.0,0.0,6.0,8.0,8.0,0.0,1.0,1.0,0.0,45.0,0,6,9,,2.0,0.6786703601108033,232.0,0.0,0.0
2024-09-01,13031,DRH,75.0,0.0,0.0,0.0,0.0,5.0,42.0,42.0,0.0,1.0,1.0,0.0,7.142857142857142,1,6,9,,2.0,0.685595567867036,227.0,0.0,0.0
2024-09-01,13031,MSDN,76.0,0.0,0.0,0.0,0.0,6.0,7.0,7.0,0.0,1.0,1.0,0.0,51.42857142857142,1,6,9,,3.0,0.6939058171745153,221.0,0.0,0.0
2024-09-01,13031,AHA,77.0,0.0,0.0,0.0,0.0,5.0,5.0,5.0,0.0,1.0,1.0,0.0,60.0,1,6,9,,3.0,0.7008310249307479,216.0,0.0,0.0
2024-09-01,13031,KJH,78.0,0.0,0.0,0.0,0.0,7.0,7.0,7.0,0.0,1.0,1.0,0.0,60.0,1,6,9,,24.0,0.7105263157894737,209.0,0.0,0.0
2024-09-01,13031,UREN,79.0,0.0,0.0,0.0,0.0,4.0,33.0,33.0,0.0,1.0,1.0,0.0,7.272727272727273,2,6,9,,3.0,0.7160664819944599,205.0,0.0,0.0
2024-09-01,13031,DNRE,80.0,0.0,0.0,0.0,0.0,6.0,24.0,24.0,0.0,1.0,1.0,0.0,15.0,2,6,9,,3.0,0.724376731301939,199.0,0.0,0.0
2024-09-01,13031,KIUL,81.0,0.0,0.0,0.0,0.0,6.0,33.0,33.0,0.0,5.0,5.0,0.0,10.90909090909091,3,6,9,,1.0,0.7326869806094183,193.0,0.0,0.0
2024-09-01,13031,LKR,82.0,0.0,0.0,0.0,0.0,1.0,3.0,3.0,0.0,2.0,2.0,0.0,20.0,3,6,9,,38.0,0.7340720221606648,192.0,0.0,0.0
2024-09-01,13031,MKB,83.0,0.0,0.0,0.0,0.0,6.0,7.0,7.0,0.0,2.0,2.0,0.0,51.42857142857142,3,6,9,,4.0,0.7423822714681441,186.0,0.0,0.0
2024-09-01,13031,DJS,84.0,0.0,0.0,0.0,0.0,1.0,5.0,5.0,0.0,1.0,1.0,0.0,12.0,3,6,9,,1.0,0.7437673130193906,185.0,0.0,0.0
2024-09-01,13031,DMRX,85.0,0.0,0.0,0.0,0.0,4.0,4.0,4.0,0.0,1.0,1.0,0.0,60.0,3,6,9,,3.0,0.7493074792243767,181.0,0.0,0.0
2024-09-01,13031,BRYA,86.0,0.0,0.0,0.0,0.0,4.0,6.0,6.0,0.0,2.0,2.0,0.0,40.0,3,6,9,,8.0,0.7548476454293629,177.0,0.0,0.0
2024-09-01,13031,JLPH,87.0,0.0,0.0,0.0,0.0,3.0,5.0,5.0,0.0,1.0,1.0,0.0,36.0,4,6,9,,1.0,0.7590027700831025,174.0,0.0,0.0
2024-09-01,13031,HTZU,88.0,0.0,0.0,0.0,0.0,7.0,20.0,20.0,0.0,1.0,1.0,0.0,21.0,4,6,9,,1.0,0.7686980609418282,167.0,0.0,0.0
2024-09-01,13031,RJO,89.0,0.0,0.0,0.0,0.0,3.0,8.0,8.0,0.0,2.0,2.0,0.0,22.5,4,6,9,,3.0,0.7728531855955678,164.0,0.0,0.0
2024-09-01,13031,DKGS,90.0,0.0,0.0,0.0,0.0,4.0,36.0,36.0,0.0,2.0,2.0,0.0,6.666666666666666,5,6,9,,1.0,0.778393351800554,160.0,0.0,0.0
2024-09-01,13031,BJU,91.0,0.0,0.0,0.0,0.0,4.0,17.0,17.0,0.0,10.0,10.0,0.0,14.117647058823527,5,6,9,,3.0,0.7839335180055401,156.0,0.0,0.0
2024-09-01,13031,BUJ,92.0,0.0,0.0,0.0,0.0,2.0,7.0,7.0,0.0,1.0,1.0,0.0,17.142857142857142,5,6,9,,1.0,0.7867036011080333,154.0,0.0,0.0
2024-09-01,13031,TGA,93.0,0.0,0.0,0.0,0.0,5.0,6.0,6.0,0.0,2.0,2.0,0.0,50.0,5,6,9,,1.0,0.7936288088642659,149.0,0.0,0.0
2024-09-01,13031,BCA,94.0,0.0,0.0,0.0,0.0,9.0,10.0,10.0,0.0,2.0,2.0,0.0,54.0,6,6,9,,1.0,0.8060941828254847,140.0,0.0,0.0
2024-09-01,13031,STJT,95.0,0.0,0.0,0.0,0.0,7.0,8.0,8.0,0.0,2.0,2.0,0.0,52.5,6,6,9,,2.0,0.8157894736842105,133.0,0.0,0.0
2024-09-01,13031,DSS,96.0,0.0,0.0,0.0,0.0,4.0,6.0,6.0,0.0,2.0,2.0,0.0,40.0,6,6,9,,2.0,0.8213296398891967,129.0,0.0,0.0
2024-09-01,13031,NAZJ,97.0,0.0,0.0,0.0,0.0,8.0,13.0,13.0,0.0,2.0,2.0,0.0,36.92307692307693,6,6,9,,5.0,0.832409972299169,121.0,0.0,0.0
2024-09-01,13031,UJP,98.0,0.0,0.0,0.0,0.0,6.0,14.0,14.0,0.0,2.0,2.0,0.0,25.71428571428571,6,6,9,,5.0,0.8407202216066482,115.0,0.0,0.0
2024-09-01,13031,SPJ,99.0,0.0,0.0,0.0,0.0,10.0,31.0,31.0,0.0,10.0,10.0,0.0,19.35483870967742,7,6,9,,6.0,0.8545706371191135,105.0,0.0,0.0
2024-09-01,13031,MKPR,100.0,0.0,0.0,0.0,0.0,3.0,9.0,9.0,0.0,2.0,2.0,0.0,20.0,7,6,9,,1.0,0.8587257617728532,102.0,0.0,0.0
2024-09-01,13031,KSP,101.0,0.0,0.0,0.0,0.0,7.0,7.0,7.0,0.0,2.0,2.0,0.0,60.0,7,6,9,,1.0,0.868421052631579,95.0,0.0,0.0
2024-09-01,13031,RBZ,102.0,0.0,0.0,0.0,0.0,6.0,8.0,8.0,0.0,2.0,2.0,0.0,45.0,8,6,9,,1.0,0.8767313019390581,89.0,0.0,0.0
2024-09-01,13031,HYT,103.0,0.0,0.0,0.0,0.0,5.0,12.0,12.0,0.0,2.0,2.0,0.0,25.0,8,6,9,,3.0,0.8836565096952909,84.0,0.0,0.0
2024-09-01,13031,TLWA,104.0,0.0,0.0,0.0,0.0,5.0,7.0,7.0,0.0,2.0,2.0,0.0,42.85714285714286,8,6,9,,1.0,0.8905817174515236,79.0,0.0,0.0
2024-09-01,13031,LSI,105.0,0.0,0.0,0.0,0.0,7.0,8.0,8.0,0.0,2.0,2.0,0.0,52.5,8,6,9,,1.0,0.9002770083102493,72.0,0.0,0.0
2024-09-01,13031,DBG,106.0,0.0,0.0,0.0,0.0,4.0,15.0,15.0,0.0,5.0,5.0,0.0,16.0,8,6,9,,28.0,0.9058171745152356,68.0,0.0,0.0
2024-09-01,13031,KKHT,107.0,0.0,0.0,0.0,0.0,7.0,10.0,10.0,0.0,2.0,2.0,0.0,42.0,9,6,9,,1.0,0.9155124653739612,61.0,0.0,0.0
2024-09-01,13031,BJIH,108.0,0.0,0.0,0.0,0.0,3.0,4.0,4.0,0.0,1.0,1.0,0.0,45.0,9,6,9,,1.0,0.9196675900277008,58.0,0.0,0.0
2024-09-01,13031,TRS,109.0,0.0,0.0,0.0,0.0,3.0,4.0,4.0,0.0,2.0,2.0,0.0,45.0,9,6,9,,1.0,0.9238227146814404,55.0,0.0,0.0
2024-09-01,13031,SSNS,110.0,0.0,0.0,0.0,0.0,3.0,5.0,5.0,0.0,1.0,1.0,0.0,36.0,9,6,9,,1.0,0.92797783933518,52.0,0.0,0.0
2024-09-01,13031,SKI,111.0,0.0,0.0,0.0,0.0,3.0,5.0,5.0,0.0,2.0,2.0,0.0,36.0,9,6,9,,1.0,0.9321329639889196,49.0,0.0,0.0
2024-09-01,13031,UGNA,112.0,0.0,0.0,0.0,0.0,5.0,7.0,7.0,0.0,1.0,1.0,0.0,42.85714285714286,9,6,9,,1.0,0.9390581717451524,44.0,0.0,0.0
2024-09-01,13031,PDW,113.0,0.0,0.0,0.0,0.0,3.0,6.0,6.0,0.0,2.0,2.0,0.0,30.0,9,6,9,,1.0,0.943213296398892,41.0,0.0,0.0
2024-09-01,13031,MBI,114.0,0.0,0.0,0.0,0.0,9.0,53.0,53.0,0.0,2.0,2.0,0.0,10.188679245283016,10,6,9,,1.0,0.9556786703601108,32.0,0.0,0.0
2024-09-01,13031,RJA,115.0,0.0,0.0,0.0,0.0,10.0,24.0,24.0,0.0,2.0,2.0,0.0,25.0,11,6,9,,9.0,0.969529085872576,22.0,0.0,0.0
2024-09-01,13031,LLPR,116.0,0.0,0.0,0.0,0.0,4.0,10.0,10.0,0.0,1.0,1.0,0.0,24.0,11,6,9,,1.0,0.9750692520775625,18.0,0.0,0.0
2024-09-01,13031,KJI,117.0,0.0,0.0,0.0,0.0,6.0,6.0,6.0,0.0,2.0,2.0,0.0,60.0,11,6,9,,1.0,0.9833795013850416,12.0,0.0,0.0
2024-09-01,13031,KRHA,118.0,0.0,0.0,0.0,0.0,5.0,8.0,8.0,0.0,1.0,1.0,0.0,37.5,11,6,9,,1.0,0.9903047091412742,7.0,0.0,0.0
